song_title,song_id
666,1
ΣgØ,2
"* Erm, could it be a Spatiotemporal ShockWAVE Syndrome...?",3
MAYHEM,4
VVelcome!!,5
ΣmbryØ,6
*Feels Seasickness...*,7
FIN4LE ～終止線の彼方へ～,8
HE4VEN ～天国へようこそ～,9
I,10
iLLness LiLin,11
WHITEOUT,12
Xronièr,13
Lachryma《Re:Queen’M》,14
777,15
αzalea,16
Bad Elixir,17
Chronomia,18
onslaught -Retaliation of Bahamūt-,19
VALKYRIE ASSAULT,20
ディスコルディア,21
ドゥサンコオデッセイ!!,22
9TH5IN,23
ANGER of the GOD,24
Calamity Tempest,25
Daisycutter,26
ENDYMION,27
Ghost Family Living In Graveyard,28
Lancelot ～Flame of the Rebellion～,29
Lisa-RICCIA,30
LubedeR,31
ΛΛemoria,32
†:OLPHEUX:†,33
OUTERHEΛVEN,34
Redshift 2nd Ignition,35
ЯeviveR,36
TENKAICHI ULTIMATE BOSSRUSH MEDLEY,37
THE凸GENERATOR,38
Trill auf G,39
voltississimo,40
Xroniàl Xéro,41
θコトノハθカプセルθ,42
色を喪った街,43
卑弥呼,44
飄える翼追い掛けて,45
A Lasting Promise,46
Absolute Domination,47
Awakening,48
BELOBOG,49
Chrono Diver -PENDULUMs-,50
Cross Fire,51
Deadly force,52
Dyscontrolled Galaxy,53
Elemental Creation,54
Failnaught,55
Fin.ArcDeaR,56
Fly Like You,57
FREEDOM DiVE,58
GERBERA-For Finalists-,59
GODHEART,60
Immortal saga,61
KAC 2013 ULTIMATE MEDLEY -HISTORIA SOUND VOLTEX- Empress Side,62
Last Resort,63
Sailing Force,64
Staring at star,65
TWO-TORIAL,66
Xéroa,67
セイレーン ～悲壮の竪琴～,68
逆月,69
INF-B《L-aste-R》,70
FLOWER,71
Got more raves？,72
きたさいたま2000,73
極圏,74
ΑΩ,75
Blastix Riotz,76
DIABLOSIS::Nāga,77
Everlasting Message,78
FLügeL《Λrp:ΣggyØ》,79
KAC 2013 ULTIMATE MEDLEY -HISTORIA SOUND VOLTEX- Emperor Side,80
Lord=Crossight,81
Preserved Valkyria,82
XyHATTE,83
月光乱舞,84
Innocent Tempest,85
IX,86
ラクガキスト,87
音楽 -resolve-,88
Booths of Fighters,89
For UltraPlayers,90
INSECTICIDE,91
Quietus Ray,92
Verse IV,93
バンブーソード・ガール,94
Bangin' Burst,95
Black Emperor,96
BLACK or WHITE?,97
Growth Memories,98
snow storm -euphoria-,99
XROSS INFECTION,100
大宇宙ステージ,101
Ganymede kamome mix,102
